{
    "GasComposition": {
        "CH4": 88.8825,
        "C2H6": 5.0932,
        "C3H8": 1.3142,
        "C4H10": 0.386,
        "C5H12": 0.234,
        "N2": 1.6896,
        "CO2": 2.3922000000000176,
        "O2": 0.0083,
        "CO": 0,
        "H2": 0,
        "H2S": 0,
        "d_g": 0.01,
        "d_air": 0.013,
        "alpha": 1.3,
        "p_atm": 100000
    },
    "ObjCharacteristics": {
        "D_in": 0.225,
        "D_out": 0.18,
        "L": 2.544690006,
        "delta": 0.001,
        "a": 0.020500000000000004,
        "b": 0.0058000000000000005,
        "s": 0.00011890000000000003,
        "D_g_t": 0.060600000000000015,
        "D_t_w": 0.05260000000000001,
        "A_g_t": 2.2500000000000008e-05,
        "A_t_w": 0.00011890000000000003,
        "N": 1,
        "delta_l": 2.544690006,
        "N_g_1_7": 7,
        "N_g_8_9": 2,
        "N_w_1_5": 5,
        "N_w_6_9": 4,
        "k_tr_1_5": 1000,
        "k_tr_6_7": 1000,
        "k_tr_8_9": 1000,
        "c_w": 4180
    },
    "ArrayData": {
        "T_air_var": [
            293.15,
            323.15,
            353.15,
            373.15,
            473.15,
            573.15,
            673.15,
            773.15,
            873.15,
            973.15,
            1073.15,
            1173.15,
            1273.15,
            1373.15,
            1473.15,
            1573.15,
            1673.15,
            1773.15,
            1873.15,
            1973.15
        ],
        "cv_air_var": [
            26000,
            65000,
            104000,
            133000,
            267000,
            404000,
            543000,
            686000,
            832000,
            982000,
            1134000,
            1285000,
            1440000,
            1600000,
            1760000,
            1919000,
            2083000,
            2247000,
            2411000,
            2574000
        ]
    }
}